{"keycapProfileId":"kam","printType":"dyesub","keyboard":"piiworkv2","language":null,"name":null,"author":null,"mods":[],"extensions":[],"layers":[],"layoutKeys":[{"x":8,"y":0,"id":"37U1O","sizeId":"1u","labelId":"space","rowNumber":4},{"x":9,"y":0,"id":"GP8K9","sizeId":"1u","labelId":"space","rowNumber":4},{"x":10,"y":0,"id":"17A6C","sizeId":"1u","labelId":"space","rowNumber":4},{"x":11,"y":0,"id":"PO6Z4","sizeId":"1u","labelId":"space","rowNumber":4},{"x":12,"y":0,"id":"1V41S","sizeId":"1u","labelId":"space","rowNumber":4},{"x":13,"y":0,"id":"Z396B","sizeId":"1u","labelId":"space","rowNumber":4},{"x":8,"y":1,"id":"7H7HI","sizeId":"1u","labelId":"space","rowNumber":4},{"x":9,"y":1,"id":"XUIT2","sizeId":"1u","labelId":"space","rowNumber":4},{"x":10,"y":1,"id":"4MVPC","sizeId":"1u","labelId":"space","rowNumber":4},{"x":11,"y":1,"id":"4TN1W","sizeId":"1u","labelId":"space","rowNumber":4},{"x":12,"y":1,"id":"NZQ7C","sizeId":"1u","labelId":"space","rowNumber":4},{"x":13,"y":1,"id":"7ODPJ","sizeId":"1u","labelId":"space","rowNumber":4},{"x":0,"y":2.375,"id":"KSTKE","sizeId":"1.25u","labelId":"space","rowNumber":4},{"x":1.5,"y":2.375,"id":"TAFM6","sizeId":"1u","labelId":"space","rowNumber":4},{"x":2.5,"y":2.375,"id":"7G3Y5","sizeId":"1u","labelId":"space","rowNumber":4},{"x":3.5,"y":2.375,"id":"5JGIG","sizeId":"1u","labelId":"space","rowNumber":4},{"x":4.5,"y":2.375,"id":"CFZ27","sizeId":"1u","labelId":"space","rowNumber":4},{"x":5.5,"y":2.375,"id":"E2ON1","sizeId":"1u","labelId":"space","rowNumber":4},{"x":6.5,"y":2.375,"id":"ZTVR7","sizeId":"1u","labelId":"space","rowNumber":4},{"x":7.5,"y":2.375,"id":"14HXP","sizeId":"1u","labelId":"space","rowNumber":4},{"x":8.5,"y":2.375,"id":"1VS1R","sizeId":"1u","labelId":"space","rowNumber":4},{"x":9.5,"y":2.375,"id":"E1MJK","sizeId":"1u","labelId":"space","rowNumber":4},{"x":10.5,"y":2.375,"id":"ZHS77","sizeId":"1u","labelId":"space","rowNumber":4},{"x":11.5,"y":2.375,"id":"ONG2L","sizeId":"1.5u","labelId":"space","rowNumber":4},{"x":13,"y":2.375,"id":"PHUVT","sizeId":"1u","labelId":"space","rowNumber":4},{"x":0,"y":3.375,"id":"TEM5V","sizeId":"1.5u","labelId":"space","rowNumber":4},{"x":1.5,"y":3.375,"id":"JZIHX","sizeId":"1u","labelId":"space","rowNumber":4},{"x":2.5,"y":3.375,"id":"ET5V5","sizeId":"1u","labelId":"space","rowNumber":4},{"x":3.5,"y":3.375,"id":"ITNMP","sizeId":"1u","labelId":"space","rowNumber":4},{"x":4.5,"y":3.375,"id":"8QAJO","sizeId":"1u","labelId":"space","rowNumber":4},{"x":5.5,"y":3.375,"id":"ESKE5","sizeId":"1u","labelId":"space","rowNumber":4},{"x":6.5,"y":3.375,"id":"WVXHY","sizeId":"1u","labelId":"space","rowNumber":4},{"x":7.5,"y":3.375,"id":"BLHC8","sizeId":"1u","labelId":"space","rowNumber":4},{"x":8.5,"y":3.375,"id":"4LB5P","sizeId":"1u","labelId":"space","rowNumber":4},{"x":9.5,"y":3.375,"id":"YAILK","sizeId":"1u","labelId":"space","rowNumber":4},{"x":10.5,"y":3.375,"id":"PWJZL","sizeId":"1u","labelId":"space","rowNumber":4},{"x":11.5,"y":3.375,"id":"EMBS4","sizeId":"1.25u","labelId":"space","rowNumber":4},{"x":12.75,"y":3.375,"id":"3EILZ","sizeId":"1.25u","labelId":"space","rowNumber":4},{"x":0,"y":4.375,"id":"2U1YX","sizeId":"1.5u","labelId":"space","rowNumber":4},{"x":1.5,"y":4.375,"id":"SIK89","sizeId":"1u","labelId":"space","rowNumber":4},{"x":2.5,"y":4.375,"id":"P318K","sizeId":"1u","labelId":"space","rowNumber":4},{"x":3.5,"y":4.375,"id":"7264D","sizeId":"1u","labelId":"space","rowNumber":4},{"x":4.5,"y":4.375,"id":"34PO3","sizeId":"1u","labelId":"space","rowNumber":4},{"x":5.5,"y":4.375,"id":"S8FX6","sizeId":"1u","labelId":"space","rowNumber":4},{"x":6.5,"y":4.375,"id":"WMUG1","sizeId":"1u","labelId":"space","rowNumber":4},{"x":7.5,"y":4.375,"id":"OQO65","sizeId":"1u","labelId":"space","rowNumber":4},{"x":8.5,"y":4.375,"id":"LQKUS","sizeId":"1u","labelId":"space","rowNumber":4},{"x":9.5,"y":4.375,"id":"069Q6","sizeId":"1u","labelId":"space","rowNumber":4},{"x":10.5,"y":4.375,"id":"6TGCS","sizeId":"1u","labelId":"space","rowNumber":4},{"x":11.5,"y":4.375,"id":"880SE","sizeId":"1.25u","labelId":"space","rowNumber":4},{"x":12.75,"y":4.375,"id":"7DI8Z","sizeId":"1.25u","labelId":"space","rowNumber":4}],"profile":"kam"}