{
    "manufacturer": "Auto-Keyboard-Design-Kit by sekigon-gonnoc",
    "keyboard_name": "piiworkv2",
    "maintainer": "Auto-KDK",
    "bootloader": "rp2040",
    "diode_direction": "COL2ROW",
    "features": {
        "bootmagic": true,
        "command": false,
        "console": false,
        "extrakey": true,
        "mousekey": true,
        "nkro": true,
        "pointing_device": false
    },
    "matrix_pins": {
        "rows": [
            "GP14",
            "GP26",
            "GP27",
            "GP28",
            "GP29"
        ],
        "cols": [
            "GP25",
            "GP24",
            "GP23",
            "GP22",
            "GP17",
            "GP16",
            "GP0",
            "GP1",
            "GP2",
            "GP3",
            "GP4",
            "GP5",
            "GP8"
        ]
    },
    "split": {},
    "processor": "RP2040",
    "url": "https://sekigon-gonnoc.github.io/auto-kdk/",
    "usb": {
        "device_version": "1.0.0",
        "pid": "0x0000",
        "vid": "0xFEED"
    },
    "layouts": {
        "LAYOUT": {
            "layout": [
                {
                    "matrix": [
                        0,
                        7
                    ],
                    "x": 8,
                    "y": 0,
                    "w": 1,
                    "h": 1,
                    "r": 0,
                    "rx": 8,
                    "ry": 0
                },
                {
                    "matrix": [
                        0,
                        8
                    ],
                    "x": 9,
                    "y": 0,
                    "w": 1,
                    "h": 1,
                    "r": 0,
                    "rx": 9,
                    "ry": 0
                },
                {
                    "matrix": [
                        0,
                        9
                    ],
                    "x": 10,
                    "y": 0,
                    "w": 1,
                    "h": 1,
                    "r": 0,
                    "rx": 10,
                    "ry": 0
                },
                {
                    "matrix": [
                        0,
                        10
                    ],
                    "x": 11,
                    "y": 0,
                    "w": 1,
                    "h": 1,
                    "r": 0,
                    "rx": 11,
                    "ry": 0
                },
                {
                    "matrix": [
                        0,
                        11
                    ],
                    "x": 12,
                    "y": 0,
                    "w": 1,
                    "h": 1,
                    "r": 0,
                    "rx": 12,
                    "ry": 0
                },
                {
                    "matrix": [
                        0,
                        12
                    ],
                    "x": 13,
                    "y": 0,
                    "w": 1,
                    "h": 1,
                    "r": 0,
                    "rx": 13,
                    "ry": 0
                },
                {
                    "matrix": [
                        1,
                        7
                    ],
                    "x": 8,
                    "y": 1,
                    "w": 1,
                    "h": 1,
                    "r": 0,
                    "rx": 8,
                    "ry": 1
                },
                {
                    "matrix": [
                        1,
                        8
                    ],
                    "x": 9,
                    "y": 1,
                    "w": 1,
                    "h": 1,
                    "r": 0,
                    "rx": 9,
                    "ry": 1
                },
                {
                    "matrix": [
                        1,
                        9
                    ],
                    "x": 10,
                    "y": 1,
                    "w": 1,
                    "h": 1,
                    "r": 0,
                    "rx": 10,
                    "ry": 1
                },
                {
                    "matrix": [
                        1,
                        10
                    ],
                    "x": 11,
                    "y": 1,
                    "w": 1,
                    "h": 1,
                    "r": 0,
                    "rx": 11,
                    "ry": 1
                },
                {
                    "matrix": [
                        1,
                        11
                    ],
                    "x": 12,
                    "y": 1,
                    "w": 1,
                    "h": 1,
                    "r": 0,
                    "rx": 12,
                    "ry": 1
                },
                {
                    "matrix": [
                        1,
                        12
                    ],
                    "x": 13,
                    "y": 1,
                    "w": 1,
                    "h": 1,
                    "r": 0,
                    "rx": 13,
                    "ry": 1
                },
                {
                    "matrix": [
                        2,
                        0
                    ],
                    "x": 0,
                    "y": 2.375,
                    "w": 1.25,
                    "h": 1,
                    "r": 0,
                    "rx": 0,
                    "ry": 2.375
                },
                {
                    "matrix": [
                        2,
                        1
                    ],
                    "x": 1.5,
                    "y": 2.375,
                    "w": 1,
                    "h": 1,
                    "r": 0,
                    "rx": 1.5,
                    "ry": 2.375
                },
                {
                    "matrix": [
                        2,
                        2
                    ],
                    "x": 2.5,
                    "y": 2.375,
                    "w": 1,
                    "h": 1,
                    "r": 0,
                    "rx": 2.5,
                    "ry": 2.375
                },
                {
                    "matrix": [
                        2,
                        3
                    ],
                    "x": 3.5,
                    "y": 2.375,
                    "w": 1,
                    "h": 1,
                    "r": 0,
                    "rx": 3.5,
                    "ry": 2.375
                },
                {
                    "matrix": [
                        2,
                        4
                    ],
                    "x": 4.5,
                    "y": 2.375,
                    "w": 1,
                    "h": 1,
                    "r": 0,
                    "rx": 4.5,
                    "ry": 2.375
                },
                {
                    "matrix": [
                        2,
                        5
                    ],
                    "x": 5.5,
                    "y": 2.375,
                    "w": 1,
                    "h": 1,
                    "r": 0,
                    "rx": 5.5,
                    "ry": 2.375
                },
                {
                    "matrix": [
                        2,
                        6
                    ],
                    "x": 6.5,
                    "y": 2.375,
                    "w": 1,
                    "h": 1,
                    "r": 0,
                    "rx": 6.5,
                    "ry": 2.375
                },
                {
                    "matrix": [
                        2,
                        7
                    ],
                    "x": 7.5,
                    "y": 2.375,
                    "w": 1,
                    "h": 1,
                    "r": 0,
                    "rx": 7.5,
                    "ry": 2.375
                },
                {
                    "matrix": [
                        2,
                        8
                    ],
                    "x": 8.5,
                    "y": 2.375,
                    "w": 1,
                    "h": 1,
                    "r": 0,
                    "rx": 8.5,
                    "ry": 2.375
                },
                {
                    "matrix": [
                        2,
                        9
                    ],
                    "x": 9.5,
                    "y": 2.375,
                    "w": 1,
                    "h": 1,
                    "r": 0,
                    "rx": 9.5,
                    "ry": 2.375
                },
                {
                    "matrix": [
                        2,
                        10
                    ],
                    "x": 10.5,
                    "y": 2.375,
                    "w": 1,
                    "h": 1,
                    "r": 0,
                    "rx": 10.5,
                    "ry": 2.375
                },
                {
                    "matrix": [
                        2,
                        11
                    ],
                    "x": 11.5,
                    "y": 2.375,
                    "w": 1.5,
                    "h": 1,
                    "r": 0,
                    "rx": 11.5,
                    "ry": 2.375
                },
                {
                    "matrix": [
                        2,
                        12
                    ],
                    "x": 13,
                    "y": 2.375,
                    "w": 1,
                    "h": 1,
                    "r": 0,
                    "rx": 13,
                    "ry": 2.375
                },
                {
                    "matrix": [
                        3,
                        0
                    ],
                    "x": 0,
                    "y": 3.375,
                    "w": 1.5,
                    "h": 1,
                    "r": 0,
                    "rx": 0,
                    "ry": 3.375
                },
                {
                    "matrix": [
                        3,
                        1
                    ],
                    "x": 1.5,
                    "y": 3.375,
                    "w": 1,
                    "h": 1,
                    "r": 0,
                    "rx": 1.5,
                    "ry": 3.375
                },
                {
                    "matrix": [
                        3,
                        2
                    ],
                    "x": 2.5,
                    "y": 3.375,
                    "w": 1,
                    "h": 1,
                    "r": 0,
                    "rx": 2.5,
                    "ry": 3.375
                },
                {
                    "matrix": [
                        3,
                        3
                    ],
                    "x": 3.5,
                    "y": 3.375,
                    "w": 1,
                    "h": 1,
                    "r": 0,
                    "rx": 3.5,
                    "ry": 3.375
                },
                {
                    "matrix": [
                        3,
                        4
                    ],
                    "x": 4.5,
                    "y": 3.375,
                    "w": 1,
                    "h": 1,
                    "r": 0,
                    "rx": 4.5,
                    "ry": 3.375
                },
                {
                    "matrix": [
                        3,
                        5
                    ],
                    "x": 5.5,
                    "y": 3.375,
                    "w": 1,
                    "h": 1,
                    "r": 0,
                    "rx": 5.5,
                    "ry": 3.375
                },
                {
                    "matrix": [
                        3,
                        6
                    ],
                    "x": 6.5,
                    "y": 3.375,
                    "w": 1,
                    "h": 1,
                    "r": 0,
                    "rx": 6.5,
                    "ry": 3.375
                },
                {
                    "matrix": [
                        3,
                        7
                    ],
                    "x": 7.5,
                    "y": 3.375,
                    "w": 1,
                    "h": 1,
                    "r": 0,
                    "rx": 7.5,
                    "ry": 3.375
                },
                {
                    "matrix": [
                        3,
                        8
                    ],
                    "x": 8.5,
                    "y": 3.375,
                    "w": 1,
                    "h": 1,
                    "r": 0,
                    "rx": 8.5,
                    "ry": 3.375
                },
                {
                    "matrix": [
                        3,
                        9
                    ],
                    "x": 9.5,
                    "y": 3.375,
                    "w": 1,
                    "h": 1,
                    "r": 0,
                    "rx": 9.5,
                    "ry": 3.375
                },
                {
                    "matrix": [
                        3,
                        10
                    ],
                    "x": 10.5,
                    "y": 3.375,
                    "w": 1,
                    "h": 1,
                    "r": 0,
                    "rx": 10.5,
                    "ry": 3.375
                },
                {
                    "matrix": [
                        3,
                        11
                    ],
                    "x": 11.5,
                    "y": 3.375,
                    "w": 1.25,
                    "h": 1,
                    "r": 0,
                    "rx": 11.5,
                    "ry": 3.375
                },
                {
                    "matrix": [
                        3,
                        12
                    ],
                    "x": 12.75,
                    "y": 3.375,
                    "w": 1.25,
                    "h": 1,
                    "r": 0,
                    "rx": 12.75,
                    "ry": 3.375
                },
                {
                    "matrix": [
                        4,
                        0
                    ],
                    "x": 0,
                    "y": 4.375,
                    "w": 1.5,
                    "h": 1,
                    "r": 0,
                    "rx": 0,
                    "ry": 4.375
                },
                {
                    "matrix": [
                        4,
                        1
                    ],
                    "x": 1.5,
                    "y": 4.375,
                    "w": 1,
                    "h": 1,
                    "r": 0,
                    "rx": 1.5,
                    "ry": 4.375
                },
                {
                    "matrix": [
                        4,
                        2
                    ],
                    "x": 2.5,
                    "y": 4.375,
                    "w": 1,
                    "h": 1,
                    "r": 0,
                    "rx": 2.5,
                    "ry": 4.375
                },
                {
                    "matrix": [
                        4,
                        3
                    ],
                    "x": 3.5,
                    "y": 4.375,
                    "w": 1,
                    "h": 1,
                    "r": 0,
                    "rx": 3.5,
                    "ry": 4.375
                },
                {
                    "matrix": [
                        4,
                        4
                    ],
                    "x": 4.5,
                    "y": 4.375,
                    "w": 1,
                    "h": 1,
                    "r": 0,
                    "rx": 4.5,
                    "ry": 4.375
                },
                {
                    "matrix": [
                        4,
                        5
                    ],
                    "x": 5.5,
                    "y": 4.375,
                    "w": 1,
                    "h": 1,
                    "r": 0,
                    "rx": 5.5,
                    "ry": 4.375
                },
                {
                    "matrix": [
                        4,
                        6
                    ],
                    "x": 6.5,
                    "y": 4.375,
                    "w": 1,
                    "h": 1,
                    "r": 0,
                    "rx": 6.5,
                    "ry": 4.375
                },
                {
                    "matrix": [
                        4,
                        7
                    ],
                    "x": 7.5,
                    "y": 4.375,
                    "w": 1,
                    "h": 1,
                    "r": 0,
                    "rx": 7.5,
                    "ry": 4.375
                },
                {
                    "matrix": [
                        4,
                        8
                    ],
                    "x": 8.5,
                    "y": 4.375,
                    "w": 1,
                    "h": 1,
                    "r": 0,
                    "rx": 8.5,
                    "ry": 4.375
                },
                {
                    "matrix": [
                        4,
                        9
                    ],
                    "x": 9.5,
                    "y": 4.375,
                    "w": 1,
                    "h": 1,
                    "r": 0,
                    "rx": 9.5,
                    "ry": 4.375
                },
                {
                    "matrix": [
                        4,
                        10
                    ],
                    "x": 10.5,
                    "y": 4.375,
                    "w": 1,
                    "h": 1,
                    "r": 0,
                    "rx": 10.5,
                    "ry": 4.375
                },
                {
                    "matrix": [
                        4,
                        11
                    ],
                    "x": 11.5,
                    "y": 4.375,
                    "w": 1.25,
                    "h": 1,
                    "r": 0,
                    "rx": 11.5,
                    "ry": 4.375
                },
                {
                    "matrix": [
                        4,
                        12
                    ],
                    "x": 12.75,
                    "y": 4.375,
                    "w": 1.25,
                    "h": 1,
                    "r": 0,
                    "rx": 12.75,
                    "ry": 4.375
                }
            ]
        }
    }
}