{
    "name": "piiworkv2",
    "vendorId": "0xFEED",
    "productId": "0x0000",
    "matrix": {
        "rows": 5,
        "cols": 13
    },
    "layouts": {
        "labels": [
            [
                "Layout",
                "LAYOUT"
            ]
        ],
        "keymap": [
            [
                {
                    "x": 8
                },
                "0,7\n\n\n0,0",
                "0,8\n\n\n0,0",
                "0,9\n\n\n0,0",
                "0,10\n\n\n0,0",
                "0,11\n\n\n0,0",
                "0,12\n\n\n0,0"
            ],
            [
                {
                    "x": 8
                },
                "1,7\n\n\n0,0",
                "1,8\n\n\n0,0",
                "1,9\n\n\n0,0",
                "1,10\n\n\n0,0",
                "1,11\n\n\n0,0",
                "1,12\n\n\n0,0"
            ],
            [
                {
                    "y": 0.3799999999999999,
                    "w": 1.25
                },
                "2,0\n\n\n0,0",
                {
                    "x": 0.25
                },
                "2,1\n\n\n0,0",
                "2,2\n\n\n0,0",
                "2,3\n\n\n0,0",
                "2,4\n\n\n0,0",
                "2,5\n\n\n0,0",
                "2,6\n\n\n0,0",
                "2,7\n\n\n0,0",
                "2,8\n\n\n0,0",
                "2,9\n\n\n0,0",
                "2,10\n\n\n0,0",
                {
                    "w": 1.5
                },
                "2,11\n\n\n0,0",
                "2,12\n\n\n0,0"
            ],
            [
                {
                    "w": 1.5
                },
                "3,0\n\n\n0,0",
                "3,1\n\n\n0,0",
                "3,2\n\n\n0,0",
                "3,3\n\n\n0,0",
                "3,4\n\n\n0,0",
                "3,5\n\n\n0,0",
                "3,6\n\n\n0,0",
                "3,7\n\n\n0,0",
                "3,8\n\n\n0,0",
                "3,9\n\n\n0,0",
                "3,10\n\n\n0,0",
                {
                    "w": 1.25
                },
                "3,11\n\n\n0,0",
                {
                    "w": 1.25
                },
                "3,12\n\n\n0,0"
            ],
            [
                {
                    "w": 1.5
                },
                "4,0\n\n\n0,0",
                "4,1\n\n\n0,0",
                "4,2\n\n\n0,0",
                "4,3\n\n\n0,0",
                "4,4\n\n\n0,0",
                "4,5\n\n\n0,0",
                "4,6\n\n\n0,0",
                "4,7\n\n\n0,0",
                "4,8\n\n\n0,0",
                "4,9\n\n\n0,0",
                "4,10\n\n\n0,0",
                {
                    "w": 1.25
                },
                "4,11\n\n\n0,0",
                {
                    "w": 1.25
                },
                "4,12\n\n\n0,0"
            ]
        ]
    }
}